名称,検索キー,所在地,緯度,経度,分類,世界遺産,OSM_ID
姫路城,ひめじじょう himeji castle 白鷺城,日本 / 兵庫県姫路市,34.8394,134.6939,castle,yes,
原爆ドーム,げんばくどーむ atomic bomb dome,日本 / 広島県広島市,34.3955,132.4536,monument,yes,
金閣寺（鹿苑寺）,きんかくじ kinkakuji,日本 / 京都府京都市,35.0394,135.7292,temple,yes,
白川郷 合掌造り集落,しらかわごう shirakawago,日本 / 岐阜県白川村,36.2578,136.9066,city,yes,
知床,しれとこ shiretoko 知床五湖,日本 / 北海道,44.12,145.08,nature,yes,
白神山地,しらかみさんち shirakami,日本 / 青森県・秋田県,40.5,140.1,nature,yes,
富士山,ふじさん mount fuji fujisan,日本 / 静岡県・山梨県,35.3606,138.7274,nature,yes,
高野山 金剛峯寺,こうやさん koyasan,日本 / 和歌山県高野町,34.2131,135.5843,temple,yes,
軍艦島（端島）,ぐんかんじま hashima gunkanjima,日本 / 長崎県長崎市,32.6277,129.7386,monument,yes,
中尊寺金色堂,ちゅうそんじ chusonji 平泉,日本 / 岩手県平泉町,38.993,141.0996,temple,yes,
仁徳天皇陵古墳,にんとくてんのうりょう 百舌鳥 古市古墳群 daisen kofun,日本 / 大阪府堺市,34.5644,135.4878,monument,yes,
石見銀山,いわみぎんざん iwami ginzan,日本 / 島根県大田市,35.115,132.44,monument,yes,
万里の長城（八達嶺）,ばんりのちょうじょう great wall badaling,中国 / 北京市,40.3597,116.0201,monument,yes,
兵馬俑（秦始皇帝陵）,へいばよう terracotta army xian,中国 / 西安市,34.3841,109.2785,monument,yes,
九寨溝,きゅうさいこう jiuzhaigou,中国 / 四川省,33.26,103.92,nature,yes,
タージ・マハル,たーじまはる taj mahal agra,インド / アーグラ,27.1751,78.0421,monument,yes,
アンコール・ワット,あんこーるわっと angkor wat,カンボジア / シェムリアップ,13.4125,103.867,monument,yes,
ハロン湾,はろんわん ha long bay,ベトナム / クアンニン省,20.9101,107.1839,nature,yes,
アユタヤ遺跡,あゆたや ayutthaya,タイ / アユタヤ,14.3532,100.5689,monument,yes,
ボロブドゥール遺跡,ぼろぶどぅーる borobudur,インドネシア / ジャワ島,-7.6079,110.2038,monument,yes,
昌徳宮,しょうとくきゅう changdeokgung,韓国 / ソウル,37.5794,126.991,castle,yes,
仏国寺,ぶっこくじ bulguksa 慶州,韓国 / 慶州,35.79,129.332,temple,yes,
ペトラ遺跡,ぺとら petra,ヨルダン / マアン県,30.3285,35.4444,monument,yes,
イスタンブール歴史地区（アヤソフィア）,あやそふぃあ hagia sophia istanbul,トルコ / イスタンブール,41.0086,28.9802,monument,yes,
カッパドキア,かっぱどきあ cappadocia goreme,トルコ / ネヴシェヒル県,38.6431,34.8289,nature,yes,
コロッセオ,ころっせお colosseum roma,イタリア / ローマ,41.8902,12.4922,monument,yes,
ヴェネツィア,べねちあ venice venezia,イタリア / ヴェネト州,45.4408,12.3155,city,yes,
フィレンツェ歴史地区,ふぃれんつぇ florence firenze,イタリア / トスカーナ州,43.7696,11.2558,city,yes,
ピサの斜塔,ぴさのしゃとう pisa,イタリア / ピサ,43.723,10.3966,monument,yes,
ポンペイ遺跡,ぽんぺい pompeii,イタリア / カンパニア州,40.7497,14.4869,monument,yes,
アマルフィ海岸,あまるふぃ amalfi coast,イタリア / カンパニア州,40.634,14.6027,nature,yes,
ドロミーティ,どろみーてぃ dolomites,イタリア / 南チロル,46.4102,11.844,nature,yes,
サン・ピエトロ大聖堂,ばちかん vatican st peter,バチカン市国,41.9022,12.4539,temple,yes,
サグラダ・ファミリア,さぐらだふぁみりあ sagrada familia barcelona,スペイン / バルセロナ,41.4036,2.1744,temple,yes,
アルハンブラ宮殿,あるはんぶら alhambra granada,スペイン / グラナダ,37.1761,-3.5881,castle,yes,
シントラ,しんとら sintra ペーナ宮殿,ポルトガル / シントラ,38.7876,-9.3904,castle,yes,
ポルト歴史地区,ぽると porto,ポルトガル / ポルト,41.1408,-8.611,city,yes,
モン・サン=ミシェル,もんさんみっしぇる mont saint michel,フランス / ノルマンディー,48.6361,-1.5115,monument,yes,
ヴェルサイユ宮殿,べるさいゆ versailles,フランス / ヴェルサイユ,48.8049,2.1204,castle,yes,
エッフェル塔,えっふぇるとう eiffel tower paris,フランス / パリ,48.8584,2.2945,monument,yes,
ストーンヘンジ,すとーんへんじ stonehenge,イギリス / ウィルトシャー,51.1789,-1.8262,monument,yes,
ロンドン塔,ろんどんとう tower of london,イギリス / ロンドン,51.5081,-0.0759,castle,yes,
ウェストミンスター寺院,うぇすとみんすたー westminster abbey,イギリス / ロンドン,51.4994,-0.1273,temple,yes,
ケルン大聖堂,けるんだいせいどう cologne cathedral,ドイツ / ケルン,50.9413,6.9583,temple,yes,
ノイシュヴァンシュタイン城,のいしゅう゛ぁんしゅたいん neuschwanstein,ドイツ / バイエルン州,47.5576,10.7498,castle,,
シェーンブルン宮殿,しぇーんぶるん schonbrunn vienna,オーストリア / ウィーン,48.1845,16.3122,castle,yes,
ハルシュタット,はるしゅたっと hallstatt,オーストリア / 上オーストリア州,47.5622,13.6493,city,yes,
プラハ歴史地区,ぷらは prague praha,チェコ / プラハ,50.0875,14.4213,city,yes,
ブダペスト ドナウ河岸,ぶだぺすと budapest,ハンガリー / ブダペスト,47.4979,19.0402,city,yes,
ドゥブロヴニク旧市街,どぅぶろう゛にく dubrovnik,クロアチア / ドゥブロヴニク,42.6407,18.1077,city,yes,
アクロポリス（パルテノン神殿）,あくろぽりす acropolis parthenon athens,ギリシャ / アテネ,37.9715,23.7257,monument,yes,
サントリーニ島,さんとりーに santorini,ギリシャ / キクラデス諸島,36.3932,25.4615,nature,,
ブルッヘ歴史地区,ぶるっへ bruges brugge,ベルギー / ブルッヘ,51.2085,3.2247,city,yes,
キンデルダイクの風車群,きんでるだいく kinderdijk,オランダ / 南ホラント州,51.8833,4.64,monument,yes,
ブリッゲン（ベルゲン）,ぶりっげん bryggen bergen,ノルウェー / ベルゲン,60.3975,5.3243,city,yes,
ガイランゲルフィヨルド,がいらんげる geiranger fjord,ノルウェー / モーレ・オ・ロムスダール,62.101,7.0055,nature,yes,
マチュ・ピチュ,まちゅぴちゅ machu picchu,ペルー / クスコ県,-13.1631,-72.545,monument,yes,
チチェン・イッツァ,ちちぇんいっつぁ chichen itza,メキシコ / ユカタン州,20.6829,-88.5686,monument,yes,
自由の女神像,じゆうのめがみ statue of liberty new york,アメリカ / ニューヨーク,40.6892,-74.0445,monument,yes,
グランド・キャニオン国立公園,ぐらんどきゃにおん grand canyon,アメリカ / アリゾナ州,36.1069,-112.1129,nature,yes,
イエローストーン国立公園,いえろーすとーん yellowstone,アメリカ / ワイオミング州,44.428,-110.5885,nature,yes,
ヨセミテ国立公園,よせみて yosemite,アメリカ / カリフォルニア州,37.8651,-119.5383,nature,yes,
バンフ国立公園,ばんふ banff canadian rockies,カナダ / アルバータ州,51.1784,-115.5708,nature,yes,
イグアスの滝,いぐあすのたき iguazu falls,アルゼンチン・ブラジル,-25.6953,-54.4367,nature,yes,
ガラパゴス諸島,がらぱごす galapagos,エクアドル,-0.75,-90.3167,nature,yes,
ラパ・ヌイ（イースター島）,いーすたーとう rapa nui easter island moai,チリ,-27.1127,-109.3497,monument,yes,
ギザのピラミッド,ぴらみっど giza pyramid sphinx,エジプト / ギザ,29.9792,31.1342,monument,yes,
ヴィクトリアの滝,う゛ぃくとりあのたき victoria falls,ザンビア・ジンバブエ,-17.9243,25.8572,nature,yes,
セレンゲティ国立公園,せれんげてぃ serengeti,タンザニア,-2.3333,34.8333,nature,yes,
キリマンジャロ国立公園,きりまんじゃろ kilimanjaro,タンザニア,-3.0674,37.3556,nature,yes,
ウルル（エアーズロック）,うるる uluru ayers rock,オーストラリア / ノーザンテリトリー,-25.3444,131.0369,nature,yes,
グレート・バリア・リーフ,ぐれーとばりありーふ great barrier reef,オーストラリア / クイーンズランド州,-18.2871,147.6992,nature,yes,
白い恋人パーク,白い恋人パーク 札幌市 北海道 museum,日本 / 北海道 札幌市,43.08869,141.27168,museum,,N2422507432
旭山動物園,旭山動物園 旭川市 北海道 zoo,日本 / 北海道 旭川市,43.76864,142.47927,activity,,W267361081
函館朝市,函館朝市 函館市 北海道 marketplace,日本 / 北海道 函館市,41.77224,140.72482,shop,,W1117395054
小樽運河,小樽運河 小樽市 北海道 attraction,日本 / 北海道 小樽市,43.20253,141.00036,monument,,W562432317
五稜郭,五稜郭 函館市 北海道 fort,日本 / 北海道 函館市,41.7968,140.75703,monument,,W180806137
登別温泉,登別温泉町 登別市 北海道 neighbourhood,日本 / 北海道 登別市,42.49478,141.14514,onsen,,N3079572092
ファーム富田,ファーム富田 中富良野町 北海道 attraction,日本 / 北海道 中富良野町,43.41796,142.42779,monument,,N5603040029
札幌市時計台,札幌市時計台 札幌市 北海道 museum,日本 / 北海道 札幌市,43.06255,141.35364,museum,,W64747104
美瑛 青い池,青い池 美瑛町 北海道 pond,日本 / 北海道 美瑛町,43.49349,142.6141,nature,,W303771940
ねぶたの家 ワ・ラッセ,ねぶたの家 ワ・ラッセ 青森市 青森県 museum,日本 / 青森県 青森市,40.82957,140.73595,museum,,W138098524
弘前城,弘前城 弘前市 青森県 castle,日本 / 青森県 弘前市,40.60793,140.46366,castle,,W757850283
奥入瀬渓流,星野リゾート 奥入瀬渓流ホテル 十和田市 青森県 hotel,日本 / 青森県 十和田市,40.57575,140.98095,nature,,N4795307997
三内丸山遺跡,三内丸山遺跡 青森市 青森県 archaeological_site,日本 / 青森県 青森市,40.811,140.69756,heritage,,W651501082
八甲田山,八甲田山雪中行軍遭難資料館 青森市 青森県 museum,日本 / 青森県 青森市,40.78475,140.78971,nature,,N13726805901
蕪島神社,蕪嶋神社 八戸市 青森県 place_of_worship,日本 / 青森県 八戸市,40.53863,141.55762,temple,,N2417938988
青森県立美術館,青森県立美術館 青森市 青森県 museum,日本 / 青森県 青森市,40.80729,140.70089,museum,,N318411516
龍泉洞,龍泉洞 岩泉町 岩手県 memorial,日本 / 岩手県 岩泉町,39.86015,141.79704,heritage,,N5599851050
小岩井農場,小岩井農場重要文化財ギャラリー 滝沢市 岩手県 museum,日本 / 岩手県 滝沢市,39.75158,141.01955,museum,,W559112019
中尊寺,中尊寺 平泉町 岩手県 place_of_worship,日本 / 岩手県 平泉町,39.00094,141.10207,temple,,W1023510974
浄土ヶ浜,浄土ヶ浜 宮古市 岩手県 beach,日本 / 岩手県 宮古市,39.65245,141.97874,nature,,R13708358
盛岡手づくり村,盛岡手づくり村 盛岡市 岩手県 theme_park,日本 / 岩手県 盛岡市,39.69336,141.0244,activity,,N5159998871
花巻温泉,花巻温泉バラ園 花巻市 岩手県 garden,日本 / 岩手県 花巻市,39.45322,141.07,onsen,,W961017086
厳美渓,厳美渓 一関市 岩手県 viewpoint,日本 / 岩手県 一関市,38.94413,141.04756,monument,,N727603646
松島,松島 松島町 宮城県 archipelago,日本 / 宮城県 松島町,38.36706,141.07125,nature,,R6355108
瑞巌寺,瑞巌寺 松島町 宮城県 place_of_worship,日本 / 宮城県 松島町,38.37218,141.05956,temple,,N870453209
仙台城跡,仙台城跡 仙台市 宮城県 board,日本 / 宮城県 仙台市,38.25308,140.85708,castle,,N9974252958
御釜,御釜 蔵王町 宮城県 lake,日本 / 宮城県 蔵王町,38.13643,140.44954,other,,W219619536
秋保大滝,秋保大滝 仙台市 宮城県 waterfall,日本 / 宮城県 仙台市,38.27488,140.60282,nature,,N754652816
鳴子峡,鳴子峡 大崎市 宮城県 viewpoint,日本 / 宮城県 大崎市,38.729,140.68985,nature,,N3500164060
仙台うみの杜水族館,仙台うみの杜水族館 仙台市 宮城県 aquarium,日本 / 宮城県 仙台市,38.27106,140.98047,activity,,R7524795
角館武家屋敷,角館武家屋敷資料館 仙北市 秋田県 information,日本 / 秋田県 仙北市,39.59741,140.56253,other,,N2599247316
田沢湖,田沢湖 仙北市 秋田県 lake,日本 / 秋田県 仙北市,39.72484,140.66327,nature,,R10387454
乳頭温泉郷,乳頭温泉郷 妙乃湯 仙北市 秋田県 hotel,日本 / 秋田県 仙北市,39.80333,140.79769,onsen,,W413533206
なまはげ館,なまはげ館 男鹿市 秋田県 museum,日本 / 秋田県 男鹿市,39.92924,139.76655,museum,,W810700577
男鹿水族館GAO,男鹿水族館 GAO 男鹿市 秋田県 aquarium,日本 / 秋田県 男鹿市,39.94228,139.70445,activity,,W293606115
千秋公園,千秋公園 秋田市 秋田県 park,日本 / 秋田県 秋田市,39.72155,140.12354,park,,W38869780
立石寺,立石寺 山形市 山形県 place_of_worship,日本 / 山形県 山形市,38.31256,140.4374,temple,,W224101452
銀山温泉,銀山温泉 案内所 尾花沢市 山形県 information,日本 / 山形県 尾花沢市,38.57042,140.53007,onsen,,N3489717993
蔵王温泉,蔵王温泉 山形市 山形県 quarter,日本 / 山形県 山形市,38.16793,140.40034,onsen,,N8527320886
鶴岡市立加茂水族館,鶴岡市立加茂水族館 鶴岡市 山形県 attraction,日本 / 山形県 鶴岡市,38.76165,139.7247,activity,,W441363881
出羽三山神社,出羽三山神社 鶴岡市 山形県 memorial,日本 / 山形県 鶴岡市,38.70574,139.96428,temple,,N3051790061
上杉神社,上杉神社 米沢市 山形県 place_of_worship,日本 / 山形県 米沢市,37.90927,140.10406,temple,,N416167900
鶴ヶ城,鶴ヶ城 会津若松市 福島県 attraction,日本 / 福島県 会津若松市,37.48775,139.92979,castle,,N13949372480
大内宿,大内宿 下郷町 福島県 hamlet,日本 / 福島県 下郷町,37.33363,139.86066,city,,N12196700317
五色沼,五色沼 北塩原村 福島県 restaurant,日本 / 福島県 北塩原村,37.65349,140.09009,gourmet,,N2930552992
スパリゾートハワイアンズ,スパリゾートハワイアンズ いわき市 福島県 spa_resort,日本 / 福島県 いわき市,36.99311,140.81572,activity,,W434299320
あぶくま洞,あぶくま洞 田村市 福島県 attraction,日本 / 福島県 田村市,37.34477,140.6729,monument,,N4977184578
塔のへつり,塔のへつり 下郷町 福島県 attraction,日本 / 福島県 下郷町,37.27431,139.90556,monument,,N5915061210
三春滝桜,三春滝桜 (Miharu Takizakura) 三春町 福島県 attraction,日本 / 福島県 三春町,37.40767,140.50008,monument,,N268543275
国営ひたち海浜公園,国営ひたち海浜公園 ひたちなか市 茨城県 park,日本 / 茨城県 ひたちなか市,36.40253,140.59435,park,,R7100484
偕楽園,偕楽園 水戸市 茨城県 garden,日本 / 茨城県 水戸市,36.37514,140.45354,park,,W476016290
袋田の滝,袋田の滝 大子町 茨城県 attraction,日本 / 茨城県 大子町,36.76462,140.40725,nature,,N3913111231
アクアワールド茨城県大洗水族館,アクアワールド茨城県大洗水族館 大洗町 茨城県 aquarium,日本 / 茨城県 大洗町,36.33332,140.59387,activity,,W416524885
牛久大仏,牛久大仏 牛久市 茨城県 artwork,日本 / 茨城県 牛久市,35.98265,140.22025,other,,N332552286
筑波山,筑波山 つくば市 茨城県 memorial,日本 / 茨城県 つくば市,36.21349,140.10113,nature,,N10899197786
大洗磯前神社,大洗磯前神社 大洗町 茨城県 place_of_worship,日本 / 茨城県 大洗町,36.31581,140.58775,temple,,W416524886
日光東照宮,日光東照宮 日光市 栃木県 place_of_worship,日本 / 栃木県 日光市,36.75764,139.59911,temple,yes,W388017091
那須ハイランドパーク,那須ハイランドパーク 那須町 栃木県 theme_park,日本 / 栃木県 那須町,37.06524,139.96428,activity,,W539165026
華厳の滝,華厳の滝 日光市 栃木県 viewpoint,日本 / 栃木県 日光市,36.73823,139.5036,nature,,N4921465854
あしかがフラワーパーク,あしかがフラワーパーク 足利市 栃木県 garden,日本 / 栃木県 足利市,36.31381,139.51984,park,,W140209690
大谷資料館,大谷資料館 宇都宮市 栃木県 museum,日本 / 栃木県 宇都宮市,36.59996,139.82475,museum,,W372455746
鬼怒川温泉,鬼怒川温泉駅 日光市 栃木県 bus_station,日本 / 栃木県 日光市,36.82371,139.71689,onsen,,W428686787
那須どうぶつ王国,那須どうぶつ王国 那須町 栃木県 theme_park,日本 / 栃木県 那須町,37.13205,140.04041,activity,,W618195200
草津温泉,草津温泉 草津町 群馬県 bus_station,日本 / 群馬県 草津町,36.62083,138.59631,onsen,,N13665325559
富岡製糸場,富岡製糸場 富岡市 群馬県 attraction,日本 / 群馬県 富岡市,36.25544,138.88764,monument,yes,W313782668
伊香保温泉,伊香保温泉飲泉所 渋川市 群馬県 drinking_water,日本 / 群馬県 渋川市,36.49186,138.91545,onsen,,N6402120713
吹割の滝,吹割の滝 沼田市 群馬県 attraction,日本 / 群馬県 沼田市,36.70185,139.20712,nature,,N3174003691
群馬サファリパーク,群馬サファリパーク 富岡市 群馬県 zoo,日本 / 群馬県 富岡市,36.22581,138.88506,activity,,N1420713158
榛名神社,榛名神社 高崎市 群馬県 place_of_worship,日本 / 群馬県 高崎市,36.45844,138.85245,temple,,W631522240
谷川岳,谷川岳展望台 みなかみ町 群馬県 viewpoint,日本 / 群馬県 みなかみ町,36.81477,138.94602,nature,,N766785323
川越氷川神社,川越氷川神社 川越市 埼玉県 bicycle_rental,日本 / 埼玉県 川越市,35.92714,139.48878,temple,,N11038331813
鉄道博物館,鉄道博物館 さいたま市 埼玉県 museum,日本 / 埼玉県 さいたま市,35.92173,139.61786,museum,,W30614323
三峯神社,三峯神社 川口市 埼玉県 wayside_shrine,日本 / 埼玉県 川口市,35.78108,139.74701,temple,,N1986819079
ムーミンバレーパーク,ムーミンバレーパーク 飯能市 埼玉県 theme_park,日本 / 埼玉県 飯能市,35.87198,139.32583,activity,,W754175469
長瀞,長瀞 長瀞町 埼玉県 quarter,日本 / 埼玉県 長瀞町,36.09817,139.10783,city,,N8462908786
西武園ゆうえんち,西武園ゆうえんち 所沢市 埼玉県 theme_park,日本 / 埼玉県 所沢市,35.76902,139.44265,activity,,R10341225
国営武蔵丘陵森林公園,国営武蔵丘陵森林公園 滑川町 埼玉県 park,日本 / 埼玉県 滑川町,36.0913,139.36827,park,,R8353182
東京ディズニーランド,東京ディズニーランド 浦安市 千葉県 theme_park,日本 / 千葉県 浦安市,35.63266,139.88142,activity,,W1282875870
鴨川シーワールド,鴨川シーワールド 鴨川市 千葉県 aquarium,日本 / 千葉県 鴨川市,35.11605,140.12054,activity,,N1420743883
成田山新勝寺,成田山新勝寺 成田市 千葉県 religious,日本 / 千葉県 成田市,35.78633,140.31722,temple,,W273746634
マザー牧場,マザー牧場  ＣＡＦＥ＆ＳＯＦＴＣＲＥＡＭ 木更津市 千葉県 ice_cream,日本 / 千葉県 木更津市,35.43537,139.93594,gourmet,,N6377385686
鋸山,鋸山 鋸南町 千葉県 peak,日本 / 千葉県 鋸南町,35.15857,139.82885,nature,,N760291649
犬吠埼灯台,犬吠埼灯台 銚子市 千葉県 board,日本 / 千葉県 銚子市,35.7078,140.86825,other,,N10875701388
ふなばしアンデルセン公園,ふなばしアンデルセン公園 船橋市 千葉県 park,日本 / 千葉県 船橋市,35.76107,140.06106,park,,R2120266
東京スカイツリー,東京スカイツリー 墨田区 東京都 attraction,日本 / 東京都 墨田区,35.71005,139.81071,monument,,W288269147
明治神宮,明治神宮 渋谷区 東京都 place_of_worship,日本 / 東京都 渋谷区,35.67484,139.69963,temple,,W469908925
恩賜上野動物園,恩賜上野動物園 東京都 東京都 zoo,日本 / 東京都 東京都,35.71534,139.7689,activity,,W1065775336
国立科学博物館,国立科学博物館 東京都 東京都 museum,日本 / 東京都 東京都,35.7159,139.77669,museum,,W203960902
三鷹の森ジブリ美術館,三鷹の森ジブリ美術館 三鷹市 東京都 museum,日本 / 東京都 三鷹市,35.69617,139.57063,museum,,W155535768
東京都庁舎,東京都庁 新宿区 東京都 townhall,日本 / 東京都 新宿区,35.68974,139.693,other,,R11045959
鶴岡八幡宮,鶴岡八幡宮 鎌倉市 神奈川県 attraction,日本 / 神奈川県 鎌倉市,35.32605,139.55639,temple,,N12176453331
彫刻の森美術館,彫刻の森美術館 箱根町 神奈川県 museum,日本 / 神奈川県 箱根町,35.24428,139.05208,museum,,N5182750902
横浜赤レンガ倉庫,横浜赤レンガ倉庫 横浜市 神奈川県 attraction,日本 / 神奈川県 横浜市,35.4524,139.64292,monument,,N10216454044
江の島,江の島 藤沢市 神奈川県 islet,日本 / 神奈川県 藤沢市,35.30011,139.48064,nature,,W191655339
カップヌードルミュージアム,カップヌードルミュージアムパーク 横浜市 神奈川県 park,日本 / 神奈川県 横浜市,35.45594,139.6398,park,,W36238131
箱根神社,箱根神社 箱根町 神奈川県 place_of_worship,日本 / 神奈川県 箱根町,35.20397,139.02558,temple,,W553740875
横浜・八景島シーパラダイス,横浜・八景島シーパラダイス 横浜市 神奈川県 theme_park,日本 / 神奈川県 横浜市,35.3365,139.64578,activity,,W314206942
大涌谷,大涌谷 箱根町 神奈川県 valley,日本 / 神奈川県 箱根町,35.24741,139.02421,nature,,W727045804
佐渡金山,佐渡山 燕市 新潟県 neighbourhood,日本 / 新潟県 燕市,37.71641,138.91708,nature,,N8670959738
清津峡,清津峡 十日町市 新潟県 board,日本 / 新潟県 十日町市,36.98634,138.74415,nature,,N9960684511
越後湯沢温泉,越後湯沢 湯沢町 新潟県 station,日本 / 新潟県 湯沢町,36.93588,138.80942,onsen,,N3548915150
ぽんしゅ館,ぽんしゅ館 新潟市 新潟県 theme_park,日本 / 新潟県 新潟市,37.91104,139.06085,activity,,N4681885486
苗場スキー場,苗場スキー場 湯沢町 新潟県 winter_sports,日本 / 新潟県 湯沢町,36.79502,138.77876,activity,,W952129313
彌彦神社,彌彦神社 弥彦村 新潟県 place_of_worship,日本 / 新潟県 弥彦村,37.70691,138.82622,temple,,W1087657871
星峠の棚田,星峠の棚田 上越市 新潟県 viewpoint,日本 / 新潟県 上越市,37.12985,138.52705,nature,,N5759881838
黒部ダム,黒部ダム 立山町 富山県 bus_station,日本 / 富山県 立山町,36.56706,137.66641,other,,N2619428773
五箇山,五箇山荘 南砺市 富山県 hotel,日本 / 富山県 南砺市,36.40994,136.93357,nature,,W1342700019
富山県美術館,富山県美術館 富山市 富山県 museum,日本 / 富山県 富山市,36.71085,137.21018,museum,,W522869869
雨晴海岸,雨晴海岸 高岡市 富山県 viewpoint,日本 / 富山県 高岡市,36.81873,137.03496,nature,,N4320444193
瑞龍寺,瑞龍寺 高岡市 富山県 place_of_worship,日本 / 富山県 高岡市,36.7356,137.01054,temple,,N2493399308
富岩運河環水公園,富岩運河環水公園 富山市 富山県 park,日本 / 富山県 富山市,36.7097,137.2123,park,,W338875394
宇奈月温泉,宇奈月温泉 黒部市 富山県 quarter,日本 / 富山県 黒部市,36.81613,137.58281,onsen,,N8727385389
兼六園,兼六園 金沢市 石川県 park,日本 / 石川県 金沢市,36.56243,136.66235,park,,W50288147
ひがし茶屋街,ひがし茶屋街 金沢市 石川県 attraction,日本 / 石川県 金沢市,36.57256,136.66668,monument,,N2146147848
金沢21世紀美術館,金沢21世紀美術館 金沢市 石川県 bicycle_rental,日本 / 石川県 金沢市,36.56148,136.6574,museum,,W929083364
近江町市場,近江町市場 金沢市 石川県 parking,日本 / 石川県 金沢市,36.57128,136.65743,shop,,N2143408613
千里浜なぎさドライブウェイ,千里浜なぎさドライブウェイ 宝達志水町 石川県 track,日本 / 石川県 宝達志水町,36.87914,136.76211,other,,W34960665
和倉温泉,和倉温泉湯っ足りパーク 七尾市 石川県 park,日本 / 石川県 七尾市,37.08743,136.92407,onsen,,W289203591
白米千枚田,白米千枚田 輪島市 石川県 attraction,日本 / 石川県 輪島市,37.4257,136.99903,monument,,N6417776188
福井県立恐竜博物館,福井県立恐竜博物館 勝山市 福井県 museum,日本 / 福井県 勝山市,36.0823,136.50657,museum,,N1420949543
東尋坊,東尋坊 坂井市 福井県 viewpoint,日本 / 福井県 坂井市,36.23789,136.12565,monument,,N661995668
永平寺,永平寺 永平寺町 福井県 place_of_worship,日本 / 福井県 永平寺町,36.05571,136.35602,temple,,W685100415
一乗谷朝倉氏遺跡,一乗谷朝倉氏遺跡 福井市 福井県 board,日本 / 福井県 福井市,36.00892,136.30076,heritage,,N6702072613
越前松島水族館,越前松島水族館 坂井市 福井県 museum,日本 / 福井県 坂井市,36.25265,136.14668,activity,,N1420949924
芦原温泉,芦原温泉 あわら市 福井県 station,日本 / 福井県 あわら市,36.2146,136.23506,onsen,,N4921417492
気比神宮,気比神宮 敦賀市 福井県 traffic_signals,日本 / 福井県 敦賀市,35.65416,136.0733,temple,,N413450889
富士急ハイランド,富士急ハイランド 富士吉田市 山梨県 theme_park,日本 / 山梨県 富士吉田市,35.485,138.77793,activity,,W436975530
忍野八海,忍野八海 忍野村 山梨県 attraction,日本 / 山梨県 忍野村,35.46024,138.8327,monument,,N4717364293
河口湖,河口湖 富士河口湖町 山梨県 lake,日本 / 山梨県 富士河口湖町,35.51306,138.74482,nature,,R2313174
昇仙峡,昇仙峡 甲府市 山梨県 place_of_worship,日本 / 山梨県 甲府市,35.7459,138.56749,nature,,N4159240797
武田神社,武田神社 甲府市 山梨県 memorial,日本 / 山梨県 甲府市,35.68571,138.57701,temple,,N5214228415
ほったらかし温泉,ほったらかし温泉 山梨市 山梨県 public_bath,日本 / 山梨県 山梨市,35.70629,138.65212,onsen,,N3078012809
山中湖,山中湖 山中湖村 山梨県 lake,日本 / 山梨県 山中湖村,35.41866,138.87683,nature,,R9440752
松本城,松本城 松本市 長野県 museum,日本 / 長野県 松本市,36.23864,137.96887,castle,,W300077872
地獄谷野猿公苑,地獄谷野猿公苑 山ノ内町 長野県 zoo,日本 / 長野県 山ノ内町,36.73281,138.46232,activity,,W1234130305
上高地,上高地 松本市 長野県 attraction,日本 / 長野県 松本市,36.24624,137.63554,monument,,N165005871
善光寺,善光寺 長野市 長野県 place_of_worship,日本 / 長野県 長野市,36.66142,138.18766,temple,,W220401982
諏訪大社,諏訪大社 諏訪市 長野県 attraction,日本 / 長野県 諏訪市,36.01969,138.13123,temple,,W1202688470
白馬八方尾根,白馬八方尾根 白馬村 長野県 winter_sports,日本 / 長野県 白馬村,36.70356,137.82262,activity,,W771668333
軽井沢プリンスショッピングプラザ,軽井沢・プリンスショッピングプラザ 軽井沢町 長野県 mall,日本 / 長野県 軽井沢町,36.33916,138.63311,shop,,W536855652
白川郷,白川郷 白川村 岐阜県 attraction,日本 / 岐阜県 白川村,36.25735,136.90683,monument,,N683765481
高山陣屋,高山陣屋 高山市 岐阜県 museum,日本 / 岐阜県 高山市,36.13969,137.25762,museum,,W240742820
下呂温泉,下呂温泉合掌村 下呂市 岐阜県 museum,日本 / 岐阜県 下呂市,35.80847,137.24995,onsen,,N1420976068
郡上八幡城,郡上八幡城 郡上市 岐阜県 museum,日本 / 岐阜県 郡上市,35.75308,136.96145,castle,,W585995159
養老の滝,養老の滝 養老町 岐阜県 cliff,日本 / 岐阜県 養老町,35.28038,136.53421,nature,,N7994995627
モネの池,モネの池 関市 岐阜県 pond,日本 / 岐阜県 関市,35.65179,136.82136,nature,,W454305258
馬籠宿,馬籠宿 中津川市 岐阜県 attraction,日本 / 岐阜県 中津川市,35.52655,137.56748,monument,,N10914014076
三保松原,三保松原町 静岡市 静岡県 quarter,日本 / 静岡県 静岡市,34.99586,138.51893,city,,N9393537103
日本平,日本平 静岡市 静岡県 memorial,日本 / 静岡県 静岡市,34.97673,138.46662,heritage,,N6089414517
夢の吊橋,夢の吊橋 川根本町 静岡県 yes,日本 / 静岡県 川根本町,35.1811,138.1122,other,,W126450135
修善寺温泉,修善寺温泉;筥湯 伊豆市 静岡県 public_bath,日本 / 静岡県 伊豆市,34.97055,138.92839,onsen,,W548862739
うなぎパイファクトリー,うなぎパイファクトリー 浜松市 静岡県 attraction,日本 / 静岡県 浜松市,34.71497,137.65671,monument,,N7260861476
熱海サンビーチ,熱海サンビーチ 熱海市 静岡県 attraction,日本 / 静岡県 熱海市,35.09824,139.07686,monument,,N6187615422
登呂遺跡,登呂遺跡 静岡市 静岡県 archaeological_site,日本 / 静岡県 静岡市,34.95656,138.40792,heritage,,N5493194293
名古屋城,名古屋城 名古屋市 愛知県 castle,日本 / 愛知県 名古屋市,35.1844,136.9001,castle,,R19100633
ジブリパーク,ジブリパーク 長久手市 愛知県 theme_park,日本 / 愛知県 長久手市,35.17512,137.08877,activity,,N12193590953
レゴランド・ジャパン,レゴランド・ジャパン 名古屋市 愛知県 theme_park,日本 / 愛知県 名古屋市,35.05059,136.84369,activity,,W495130551
熱田神宮,熱田神宮 名古屋市 愛知県 place_of_worship,日本 / 愛知県 名古屋市,35.12543,136.90925,temple,,R8453890
トヨタ産業技術記念館,トヨタ産業技術記念館 名古屋市 愛知県 museum,日本 / 愛知県 名古屋市,35.18251,136.87652,museum,,W582752051
犬山城,犬山城 犬山市 愛知県 castle,日本 / 愛知県 犬山市,35.38833,136.93928,castle,,W234510746
名古屋港水族館,名古屋港水族館 名古屋市 愛知県 aquarium,日本 / 愛知県 名古屋市,35.09097,136.87803,activity,,W1197287138
伊勢神宮,伊勢神宮 外宮 伊勢市 三重県 place_of_worship,日本 / 三重県 伊勢市,34.48735,136.7037,temple,,W688114973
鳥羽水族館,鳥羽水族館 鳥羽市 三重県 aquarium,日本 / 三重県 鳥羽市,34.48201,136.84533,activity,,W183967154
ナガシマスパーランド,ナガシマスパーランド 桑名市 三重県 theme_park,日本 / 三重県 桑名市,35.03067,136.73334,activity,,R16171563
志摩スペイン村,志摩スペイン村 志摩市 三重県 theme_park,日本 / 三重県 志摩市,34.36054,136.84509,activity,,W183170616
おかげ横丁,おかげ横丁 豚捨 伊勢市 三重県 restaurant,日本 / 三重県 伊勢市,34.46196,136.72298,shop,,W464863059
夫婦岩,夏至祭の しののめ明り 夫婦岩 伊勢市 三重県 memorial,日本 / 三重県 伊勢市,34.50843,136.78871,heritage,,N10211095016
赤目四十八滝,赤目四十八滝 名張市 三重県 bus_stop,日本 / 三重県 名張市,34.56648,136.08413,nature,,N6611414305
ラ コリーナ,ラ コリーナ 近江八幡市 滋賀県 attraction,日本 / 滋賀県 近江八幡市,35.14985,136.0915,monument,,W533308886
彦根城,彦根城 彦根市 滋賀県 castle,日本 / 滋賀県 彦根市,35.2771,136.25172,castle,,W209262408
比叡山延暦寺,比叡山延暦寺 大津市 滋賀県 memorial,日本 / 滋賀県 大津市,35.07104,135.86558,temple,,N6713258718
白鬚神社,白鬚神社 高島市 滋賀県 place_of_worship,日本 / 滋賀県 高島市,35.27458,136.01114,temple,,W1443438835
メタセコイア並木,メタセコイア並木 高島市 滋賀県 attraction,日本 / 滋賀県 高島市,35.46682,136.03588,monument,,N4989568221
琵琶湖,琵琶湖 滋賀県 lake,日本 / 滋賀県,35.24865,136.08256,nature,,R63499
黒壁スクエア,びわ湖ツアー 黒壁スクエア案内所 長浜市 滋賀県 information,日本 / 滋賀県 長浜市,35.38055,136.26628,shop,,N5502988839
清水寺,清水寺 京都市 京都府 place_of_worship,日本 / 京都府 京都市,34.9943,135.78444,temple,yes,W336641107
伏見稲荷大社,伏見稲荷大社 京都市 京都府 viewpoint,日本 / 京都府 京都市,34.96698,135.77476,temple,,N6865347485
金閣寺,金閣寺 京都市 京都府 place_of_worship,日本 / 京都府 京都市,35.03953,135.72954,temple,,W98115917
錦市場,錦市場 にしきいちば 京都の台所 中京区 京都府,日本 / 京都府 京都市,35.00502,135.76557,shop,,W772134672
天橋立,天橋立 宮津市 京都府 memorial,日本 / 京都府 宮津市,35.577,135.1979,heritage,,N6423747555
三十三間堂,三十三間堂 京都市 京都府 place_of_worship,日本 / 京都府 京都市,34.98817,135.77178,temple,,W31842037
二条城,二条城 京都市 京都府 attraction,日本 / 京都府 京都市,35.01401,135.74854,castle,yes,W57111281
銀閣寺,銀閣寺 京都市 京都府 place_of_worship,日本 / 京都府 京都市,35.0269,135.79837,temple,,W105817561
ユニバーサル・スタジオ・ジャパン,ユニバーサル・スタジオ・ジャパン Konohana Ward 大阪府 theme_park,日本 / 大阪府 Konohana Ward,34.66564,135.43245,activity,,R5695002
大阪城,大阪城 大阪市 大阪府 castle,日本 / 大阪府 大阪市,34.68737,135.52586,castle,,W34619038
道頓堀,道頓堀 大阪市 大阪府 locality,日本 / 大阪府 大阪市,34.66903,135.50157,city,,N4029007869
海遊館,海遊館 大阪市 大阪府 aquarium,日本 / 大阪府 大阪市,34.65455,135.42892,activity,,R6994284
通天閣,通天閣 大阪市 大阪府 viewpoint,日本 / 大阪府 大阪市,34.65254,135.50631,monument,,W254319878
黒門市場,黒門市場 大阪市 大阪府 attraction,日本 / 大阪府 大阪市,34.66627,135.50704,shop,,N5149144823
万博記念公園,万博記念公園 吹田市 大阪府 park,日本 / 大阪府 吹田市,34.81202,135.53019,park,,R10576976
あべのハルカス,あべのハルカス美術館 大阪市 大阪府 museum,日本 / 大阪府 大阪市,34.64584,135.51317,museum,,N4807613479
有馬温泉,有馬温泉 神戸市 兵庫県 station,日本 / 兵庫県 神戸市,34.79096,135.24565,onsen,,N2921600660
神戸ハーバーランド,神戸ハーバーランド 神戸市 兵庫県 attraction,日本 / 兵庫県 神戸市,34.67851,135.18031,monument,,N5638327221
竹田城跡,竹田城 朝来市 兵庫県 park,日本 / 兵庫県 朝来市,35.30031,134.82929,castle,,W674728054
城崎温泉,城崎温泉 豊岡市 兵庫県 station,日本 / 兵庫県 豊岡市,35.6237,134.81366,onsen,,N8018662107
明石海峡大橋,明石海峡大橋 淡路市 兵庫県 bridge,日本 / 兵庫県 淡路市,34.61664,135.02088,monument,,W400448368
北野異人館,北野異人館 神戸市 兵庫県 bus_stop,日本 / 兵庫県 神戸市,34.70097,135.19128,other,,N6033570785
六甲山,六甲山 神戸市 兵庫県 peak,日本 / 兵庫県 神戸市,34.77799,135.26374,nature,,N1513935256
東大寺,東大寺 奈良市 奈良県 place_of_worship,日本 / 奈良県 奈良市,34.68849,135.84043,temple,yes,N12950941270
奈良公園,奈良公園 奈良市 奈良県 boundary_stone,日本 / 奈良県 奈良市,34.6824,135.82959,monument,,N5338222581
春日大社,春日大社 大和郡山市 奈良県 wayside_shrine,日本 / 奈良県 大和郡山市,34.621,135.78517,temple,,N3487946067
法隆寺,法隆寺 斑鳩町 奈良県 place_of_worship,日本 / 奈良県 斑鳩町,34.61401,135.73604,temple,yes,W43549741
吉野山,吉野山 吉野町 奈良県 attraction,日本 / 奈良県 吉野町,34.36046,135.86709,nature,,N4766588832
ならまち,ならまちまちかど博物館 奈良市 奈良県 museum,日本 / 奈良県 奈良市,34.67591,135.83193,museum,,N3203007437
室生寺,室生寺 宇陀市 奈良県 place_of_worship,日本 / 奈良県 宇陀市,34.53797,136.04062,temple,,N380420314
熊野本宮大社,熊野本宮大社 田辺市 和歌山県 artwork,日本 / 和歌山県 田辺市,33.8388,135.77462,temple,yes,N6710271457
アドベンチャーワールド,アドベンチャーワールド 白浜町 和歌山県 theme_park,日本 / 和歌山県 白浜町,33.6659,135.37243,activity,,W248451390
那智の滝,那智滝 那智勝浦町 和歌山県 viewpoint,日本 / 和歌山県 那智勝浦町,33.67383,135.88833,nature,,N2287555256
白浜温泉,白浜温泉線 白浜町 和歌山県 primary,日本 / 和歌山県 白浜町,33.67145,135.33471,onsen,,W875356133
金剛峯寺,金剛峯寺 高野町 和歌山県 place_of_worship,日本 / 和歌山県 高野町,34.21388,135.58369,temple,,W1363855538
友ヶ島,友ヶ島水道 和歌山市 和歌山県 strait,日本 / 和歌山県 和歌山市,34.27945,134.98044,nature,,N10312573512
白良浜,白良浜 白浜町 和歌山県 beach,日本 / 和歌山県 白浜町,33.68162,135.34469,nature,,W549006647
鳥取砂丘,鳥取砂丘 鳥取市 鳥取県 nature_reserve,日本 / 鳥取県 鳥取市,35.5413,134.22773,nature,,W55954342
水木しげるロード,水木しげるロード 誕生二十周年記念 境港市 鳥取県 artwork,日本 / 鳥取県 境港市,35.54609,133.22949,other,,N4166699094
三徳山三仏寺,三徳山三佛寺 三朝町 鳥取県 place_of_worship,日本 / 鳥取県 三朝町,35.39779,133.95848,temple,,W669805309
砂の美術館,砂の美術館 鳥取市 鳥取県 museum,日本 / 鳥取県 鳥取市,35.53997,134.23778,museum,,W1420969865
大山,大山 大山町 鳥取県 peak,日本 / 鳥取県 大山町,35.37119,133.54317,nature,,N1852017245
浦富海岸,浦富海岸 岩美町 鳥取県 nature_reserve,日本 / 鳥取県 岩美町,35.60709,134.33763,nature,,N6315993786
とっとり花回廊,とっとり花回廊 南部町 鳥取県 bus_stop,日本 / 鳥取県 南部町,35.3478,133.42299,other,,N5761173323
出雲大社,出雲大社 出雲市 島根県 place_of_worship,日本 / 島根県 出雲市,35.3998,132.68515,temple,,W52958212
松江城,松江城 松江市 島根県 castle,日本 / 島根県 松江市,35.47514,133.05076,castle,,W299654325
足立美術館,足立美術館 安来市 島根県 museum,日本 / 島根県 安来市,35.38084,133.19547,museum,,W1381640051
玉造温泉,玉造温泉駅 松江市 島根県 bicycle_rental,日本 / 島根県 松江市,35.43096,133.01142,onsen,,N13723132922
宍道湖,宍道湖 松江市 島根県 lake,日本 / 島根県 松江市,35.44365,132.96033,nature,,R2416328
由志園,由志園 松江市 島根県 garden,日本 / 島根県 松江市,35.49071,133.17521,park,,W1167445357
倉敷美観地区,倉敷美観地区 倉敷市 岡山県 attraction,日本 / 岡山県 倉敷市,34.59652,133.77259,monument,,W503301965
鷲羽山,鷲羽山 倉敷市 岡山県 restaurant,日本 / 岡山県 倉敷市,34.45782,133.80621,nature,,N6982142287
大原美術館,大原美術館 倉敷市 岡山県 museum,日本 / 岡山県 倉敷市,34.59603,133.77044,museum,,W616920786
蒜山高原,蒜山高原線 真庭市 岡山県 secondary,日本 / 岡山県 真庭市,35.29664,133.67534,nature,,W1255877234
吹屋ふるさと村,吹屋ふるさと村 高梁市 岡山県 attraction,日本 / 岡山県 高梁市,34.85962,133.47113,monument,,W836772975
岡山城,岡山城 岡山市 岡山県 memorial,日本 / 岡山県 岡山市,34.6648,133.93627,castle,,N4308150179
厳島神社,厳島神社 廿日市市 広島県 protected_area,日本 / 広島県 廿日市市,34.29653,132.319,temple,yes,W1306168429
千光寺,千光寺 尾道市 広島県 place_of_worship,日本 / 広島県 尾道市,34.41036,133.19868,temple,,N3399246723
大久野島,大久野島 竹原市 広島県 island,日本 / 広島県 竹原市,34.30912,132.99376,nature,,R6355057
平和記念公園,平和記念公園 広島市 広島県 bicycle_rental,日本 / 広島県 広島市,34.3911,132.45288,park,,N11433396963
三段峡,三段峡 安芸太田町 広島県 bus_stop,日本 / 広島県 安芸太田町,34.59959,132.20852,nature,,N7260170785
元乃隅神社,元乃隅神社 長門市 山口県 attraction,日本 / 山口県 長門市,34.41946,131.06273,temple,,N13157552717
角島大橋,角島大橋 下関市 山口県 artwork,日本 / 山口県 下関市,34.34782,130.89552,other,,W670701927
錦帯橋,錦帯橋料金所 岩国市 山口県 ticket,日本 / 山口県 岩国市,34.16714,132.1792,shop,,W436681117
秋芳洞,秋芳洞 美祢市 山口県 cave_entrance,日本 / 山口県 美祢市,34.22806,131.30341,nature,,N1350895116
唐戸市場,唐戸市場 下関市 山口県 marketplace,日本 / 山口県 下関市,33.95662,130.94582,shop,,W221599486
瑠璃光寺,瑠璃光寺 山口市 山口県 memorial,日本 / 山口県 山口市,34.18951,131.47312,temple,,N6814865894
鳴門の渦潮,鳴門の渦潮 鳴門市 徳島県 whirlpool,日本 / 徳島県 鳴門市,34.23663,134.65105,nature,,N6287820989
祖谷のかずら橋,祖谷の宿　かずらや 三好市 徳島県 hotel,日本 / 徳島県 三好市,33.87814,133.84001,other,,W312174944
大塚国際美術館,大塚国際美術館 鳴門市 徳島県 museum,日本 / 徳島県 鳴門市,34.23258,134.63754,museum,,R4205190
阿波おどり会館,阿波おどり会館・阿波おどりミュージアム 徳島市 徳島県 museum,日本 / 徳島県 徳島市,34.07011,134.5449,museum,,N1423661426
眉山,眉山 徳島市 徳島県 peak,日本 / 徳島県 徳島市,34.06086,134.5164,nature,,N3267281320
大歩危,大歩危峡 まんなか 三好市 徳島県 hotel,日本 / 徳島県 三好市,33.88611,133.76048,other,,W344022153
栗林公園,栗林公園 高松市 香川県 garden,日本 / 香川県 高松市,34.3295,134.04393,park,,W60252671
金刀比羅宮,金刀比羅宮 琴平町 香川県 place_of_worship,日本 / 香川県 琴平町,34.18399,133.80939,temple,,W139583694
父母ヶ浜,父母ヶ浜(ちちぶがはま)海水浴場 三豊市 香川県 beach_resort,日本 / 香川県 三豊市,34.18831,133.64683,other,,W671989025
中野うどん学校,中野うどん学校 うどん打ち体験 琴平町 香川県,日本 / 香川県 琴平町,34.18698,133.8182,activity,,N5537572222
屋島,屋島 高松市 香川県 station,日本 / 香川県 高松市,34.33658,134.10918,nature,,N8119625813
地中美術館,地中美術館 直島町 香川県 museum,日本 / 香川県 直島町,34.4478,133.98476,museum,,W401738807
エンジェルロード,エンジェルロード 土庄町 香川県 locality,日本 / 香川県 土庄町,34.47761,134.18865,city,,N2573185393
道後温泉本館,道後温泉本館 松山市 愛媛県 public_bath,日本 / 愛媛県 松山市,33.85206,132.7864,onsen,,W235751036
松山城,松山城 松山市 愛媛県 museum,日本 / 愛媛県 松山市,33.8456,132.76594,castle,,N1423739161
しまなみ海道,しまなみ海道サイクリングロード 今治市 愛媛県 path,日本 / 愛媛県 今治市,34.1921,133.07238,nature,,W391883761
内子座,内子座 内子町 愛媛県 theatre,日本 / 愛媛県 内子町,33.55144,132.65017,other,,W531197677
マイントピア別子,マイントピア別子 新居浜市 愛媛県 theme_park,日本 / 愛媛県 新居浜市,33.9005,133.30935,activity,,W661626019
石鎚山,石鎚山 西条市 愛媛県 peak,日本 / 愛媛県 西条市,33.76778,133.1151,nature,,N1851999692
桂浜,桂浜 高知市 高知県 beach,日本 / 高知県 高知市,33.49711,133.57446,nature,,W44407519
高知城,高知城歴史博物館 高知市 高知県 museum,日本 / 高知県 高知市,33.56017,133.53407,castle,,W500621920
四万十川,四万十川桜づつみ公園 四万十市 高知県 park,日本 / 高知県 四万十市,33.00254,132.90263,park,,W572436170
ひろめ市場,ひろめ市場 高知市 高知県 marketplace,日本 / 高知県 高知市,33.56045,133.53569,shop,,W1146148201
龍河洞,龍河洞 香美市 高知県 cave_entrance,日本 / 高知県 香美市,33.60314,133.74522,nature,,N1553199212
牧野植物園,牧野植物園 高知市 高知県 garden,日本 / 高知県 高知市,33.54833,133.57912,park,,W397666711
仁淀川,仁淀川 高知県 river,日本 / 高知県,33.57686,133.18421,nature,,R18564952
太宰府天満宮,太宰府天満宮 太宰府市 福岡県 place_of_worship,日本 / 福岡県 太宰府市,33.52131,130.53526,temple,,W1353165321
福岡タワー,福岡タワー 福岡市早良区 福岡県 tower,日本 / 福岡県 福岡市早良区,33.59327,130.35149,monument,,W772670439
門司港レトロ,門司港レトロハイマート展望室 北九州市 福岡県 viewpoint,日本 / 福岡県 北九州市,33.94843,130.96414,monument,,N2959854421
柳川,柳川 柳川市 福岡県 attraction,日本 / 福岡県 柳川市,33.16693,130.41637,nature,,N5543105952
海の中道海浜公園,海の中道海浜公園 福岡市 福岡県 park,日本 / 福岡県 福岡市,33.66263,130.35571,park,,R15512029
櫛田神社,櫛田神社 福岡市 福岡県 place_of_worship,日本 / 福岡県 福岡市,33.59307,130.41068,temple,,W45779975
キャナルシティ博多,キャナルシティ博多 第1駐輪場 福岡市 福岡県 bicycle_parking,日本 / 福岡県 福岡市,33.58928,130.41188,other,,N13040556464
吉野ヶ里歴史公園,吉野ヶ里歴史公園 吉野ヶ里町 佐賀県 park,日本 / 佐賀県 吉野ヶ里町,33.32709,130.38426,park,,R18919143
唐津城,唐津城 唐津市 佐賀県 castle,日本 / 佐賀県 唐津市,33.45351,129.97819,castle,,W500427895
呼子朝市,呼子の朝市 唐津市 佐賀県 seafood,日本 / 佐賀県 唐津市,33.53703,129.89509,shop,,N4500121491
武雄温泉,武雄温泉 武雄市 佐賀県 station,日本 / 佐賀県 武雄市,33.19648,130.02307,onsen,,N4837988927
祐徳稲荷神社,祐徳稲荷神社バスターミナル 鹿島市 佐賀県 bus_station,日本 / 佐賀県 鹿島市,33.0781,130.10903,temple,,W753612738
有田ポーセリンパーク,有田ポーセリンパーク 有田町 佐賀県 museum,日本 / 佐賀県 有田町,33.16464,129.90824,museum,,N1423805631
御船山楽園,御船山楽園 武雄市 佐賀県 attraction,日本 / 佐賀県 武雄市,33.18191,130.01825,monument,,W991958955
グラバー園,グラバー園 長崎市 長崎県 garden,日本 / 長崎県 長崎市,32.73337,129.86906,park,,W552140518
ハウステンボス,ハウステンボス 佐世保市 長崎県 theme_park,日本 / 長崎県 佐世保市,33.0862,129.78831,activity,,W552135649
端島,端島 長崎市 長崎県 islet,日本 / 長崎県 長崎市,32.62769,129.73826,nature,,W191502696
稲佐山,稲佐山 長崎市 長崎県 peak,日本 / 長崎県 長崎市,32.75343,129.84934,nature,,N4641487651
出島,出島 長崎市 長崎県 locality,日本 / 長崎県 長崎市,32.74342,129.87296,nature,,N8146238469
雲仙地獄,雲仙地獄 雲仙市 長崎県 map,日本 / 長崎県 雲仙市,32.74049,130.26338,other,,N12717701398
眼鏡橋,眼鏡橋 長崎市 長崎県 monument,日本 / 長崎県 長崎市,32.74729,129.87999,heritage,,N5336401732
熊本城,熊本城 熊本市 熊本県 park,日本 / 熊本県 熊本市,32.80527,130.70546,castle,,W375062710
阿蘇山,阿蘇山 南阿蘇村 熊本県 volcano,日本 / 熊本県 南阿蘇村,32.8827,131.09474,nature,,N917987193
黒川温泉,黒川温泉 南小国町 熊本県 village,日本 / 熊本県 南小国町,33.07771,131.14194,onsen,,N2753566590
草千里ヶ浜,草千里ヶ浜 南阿蘇村 熊本県 attraction,日本 / 熊本県 南阿蘇村,32.88071,131.05384,monument,,N5603129121
通潤橋,通潤橋 山都町 熊本県 attraction,日本 / 熊本県 山都町,32.6815,130.99389,monument,,N6228628173
鍋ヶ滝,鍋ヶ滝 小国町 熊本県 viewpoint,日本 / 熊本県 小国町,33.13785,131.03511,nature,,N4478978090
水前寺成趣園,水前寺成趣園 熊本市 熊本県 garden,日本 / 熊本県 熊本市,32.79074,130.7349,park,,W682657477
別府地獄めぐり,別府地獄めぐり 別府市 大分県 attraction,日本 / 大分県 別府市,33.31602,131.46909,onsen,,W1359597112
由布院,由布院 梅園 GARDEN RESORT Yufu 大分県 hotel,日本 / 大分県 Yufu,33.25881,131.36965,other,,W417347530
高崎山自然動物園,高崎山自然動物園 大分市 大分県 attraction,日本 / 大分県 大分市,33.25839,131.5308,activity,,N1423865015
うみたまご,大分マリーンパレス水族館「うみたまご」 大分市 大分県 aquarium,日本 / 大分県 大分市,33.25897,131.53564,activity,,W182406175
原尻の滝,原尻の滝 Bungo Oono 大分県 viewpoint,日本 / 大分県 Bungo Oono,32.96472,131.45138,nature,,N5719538221
九重“夢”大吊橋,九重“夢”大吊橋 九重町 大分県 footway,日本 / 大分県 九重町,33.17377,131.22662,other,,W24804905
宇佐神宮,宇佐神宮 宇佐市 大分県 memorial,日本 / 大分県 宇佐市,33.52771,131.37472,temple,,N9357063505
高千穂峡,高千穂峡 高千穂町 宮崎県 viewpoint,日本 / 宮崎県 高千穂町,32.70179,131.30094,nature,,N4563512590
青島神社,青島神社 宮崎市 宮崎県 place_of_worship,日本 / 宮崎県 宮崎市,31.80441,131.47509,temple,,W486892124
鵜戸神宮,鵜戸神宮 日南市 宮崎県 place_of_worship,日本 / 宮崎県 日南市,31.64916,131.46612,temple,,W1312406391
シーガイア,フェニックス・シーガイア・オーシャン・タワー 宮崎市 宮崎県 hotel,日本 / 宮崎県 宮崎市,31.95898,131.47038,other,,W197499847
都井岬,都井岬 串間市 宮崎県 cape,日本 / 宮崎県 串間市,31.36701,131.34177,nature,,N6337163474
天安河原,天安河原 高千穂町 宮崎県 place_of_worship,日本 / 宮崎県 高千穂町,32.73787,131.35323,temple,,N4478900293
桜島,桜島 鹿児島市 鹿児島県 volcano,日本 / 鹿児島県 鹿児島市,31.58057,130.65798,nature,,N1280125814
仙巌園,仙巌園 鹿児島市 鹿児島県 museum,日本 / 鹿児島県 鹿児島市,31.61866,130.58055,museum,,W683084837
砂むし会館 砂楽,砂むし会館 砂楽 指宿市 鹿児島県 public_bath,日本 / 鹿児島県 指宿市,31.22979,130.65191,onsen,,W1044426803
知覧特攻平和会館,知覧特攻平和会館 南九州市 鹿児島県 museum,日本 / 鹿児島県 南九州市,31.3637,130.43443,museum,,W503050025
霧島神宮,霧島神宮 霧島市 鹿児島県 memorial,日本 / 鹿児島県 霧島市,31.85572,130.8704,temple,,N13860290277
屋久島,屋久島 屋久島町 鹿児島県 ferry_terminal,日本 / 鹿児島県 屋久島町,30.43206,130.57296,nature,yes,N4591940687
曽木の滝,曽木の滝 伊佐市 鹿児島県 attraction,日本 / 鹿児島県 伊佐市,32.01138,130.5767,nature,,N6752007380
沖縄美ら海水族館,沖縄美ら海水族館 本部町 沖縄県 aquarium,日本 / 沖縄県 本部町,26.69437,127.87804,activity,,W378128429
首里城,首里城 那覇市 沖縄県 castle,日本 / 沖縄県 那覇市,26.217,127.71937,castle,yes,N4828423125
国際通り,国際通り 那覇市 沖縄県 secondary,日本 / 沖縄県 那覇市,26.2157,127.68642,shop,,W1005199589
万座毛,万座毛 恩納村 沖縄県 viewpoint,日本 / 沖縄県 恩納村,26.50501,127.85026,monument,,N2004524873
古宇利大橋,古宇利大橋 今帰仁村 沖縄県 yes,日本 / 沖縄県 今帰仁村,26.68664,128.01732,other,,W64181932
玉泉洞,玉泉洞 南城市 沖縄県 cave_entrance,日本 / 沖縄県 南城市,26.14036,127.74945,nature,,N13022247566
竹富島,竹富島 竹富町 沖縄県 camp_site,日本 / 沖縄県 竹富町,24.32972,124.08735,nature,,N9950399417
川平湾,川平湾 石垣市 沖縄県 bay,日本 / 沖縄県 石垣市,24.45007,124.14365,nature,,N12819124352
蔵王ロープウェイ,蔵王ロープウェイ 山形市 山形県 attraction,日本 / 山形県 山形市,38.16187,140.395,other,,N4662997790
富士サファリパーク,サファリパーク 裾野市 静岡県 service,日本 / 静岡県 裾野市,35.26154,138.80413,activity,,W40192674
岡山後楽園,後楽園 岡山市 岡山県 park,日本 / 岡山県 岡山市,34.66633,133.93739,park,,W82602383
尾道本通り商店街,尾道通り 尾道市 広島県 pedestrian,日本 / 広島県 尾道市,34.41084,133.20373,shop,,W123166756
萩城下町,萩城跡外堀北の総門と周辺の整備 萩市 山口県 board,日本 / 山口県 萩市,34.41471,131.3918,other,,N6441846381
豊洲市場,豊洲市場(7街区) 江東区 東京都 marketplace,日本 / 東京都 江東区,35.64215,139.78272,shop,,W436183396
高尾山,高尾山 東京都 peak,日本 / 東京都,35.62523,139.24369,nature,,N675449030
浅草寺,金龍山浅草寺 台東区 東京都 place_of_worship,日本 / 東京都 台東区,35.7134,139.79553,temple,,W173154847
金沢おでん,かなざわおでん 郷土料理 金沢市 石川県,日本 / 石川県 金沢市,36.5613,136.6562,gourmet,,
あしかがフラワーパーク 大藤,おおふじ イルミネーション 足利市 栃木県,日本 / 栃木県 足利市,36.31439,139.5205,park,,
